{
    "uid": 1481395286486,
    "lastUpdate": 1481395286486,
    "username": "testUserA@gmail.com",
    "fname": "Alex",
    "lname": "Hayes",
    "phoneNo": [
        2624421666
    ],
    "email": [
        "testUser@gmail.com"
    ],
    "pictureUrl": "http://",
    "school": "WCTC",
    "funFacts": [
        {
            "Title": "Custom title 1",
            "Body": "Fun fact 1"
        },
        {
            "Title": "Custom title 2",
            "Body": "Fun fact 2"
        },
        {
            "Title": "Custom title 3",
            "Body": "Fun fact 3"
        },
        {
            "Title": "Custom title 4",
            "Body": "Fun fact 4"
        }
    ]
}